country,year,electricity_price
Afghanistan,2014.0,23.3
Afghanistan,2015.0,22.0
Afghanistan,2016.0,20.9
Afghanistan,2017.0,18.6
Afghanistan,2018.0,17.6
Afghanistan,2019.0,18.0
Albania,2014.0,9.5
Albania,2015.0,10.2
Albania,2016.0,9.6
Albania,2017.0,9.1
Albania,2018.0,8.7
Albania,2019.0,9.4
Algeria,2014.0,2.7
Algeria,2015.0,2.7
Algeria,2016.0,3.0
Algeria,2017.0,2.6
Algeria,2018.0,2.2
Algeria,2019.0,2.1
Angola,2014.0,4.7
Angola,2015.0,4.6
Angola,2016.0,8.8
Angola,2017.0,6.0
Angola,2018.0,4.6
Angola,2019.0,3.7
Antigua and Barbuda,2014.0,50.7
Antigua and Barbuda,2015.0,44.5
Antigua and Barbuda,2016.0,44.2
Antigua and Barbuda,2017.0,43.2
Antigua and Barbuda,2018.0,43.7
Antigua and Barbuda,2019.0,44.9
Argentina,2014.0,9.4
Argentina,2015.0,7.0
Argentina,2016.0,8.8
Argentina,2017.0,10.6
Argentina,2018.0,15.5
Argentina,2019.0,10.8
Armenia,2014.0,8.0
Armenia,2015.0,8.3
Armenia,2016.0,9.1
Armenia,2017.0,8.0
Armenia,2018.0,7.6
Armenia,2019.0,7.7
Australia,2014.0,22.2
Australia,2015.0,21.4
Australia,2016.0,19.3
Australia,2017.0,17.2
Australia,2018.0,23.1
Australia,2019.0,20.4
Austria,2014.0,11.6
Austria,2015.0,11.3
Austria,2016.0,9.5
Austria,2017.0,8.9
Austria,2018.0,9.8
Austria,2019.0,10.2
Azerbaijan,2014.0,7.6
Azerbaijan,2015.0,7.6
Azerbaijan,2016.0,5.9
Azerbaijan,2017.0,6.1
Azerbaijan,2018.0,5.4
Azerbaijan,2019.0,4.8
"Bahamas, The",2014.0,39.9
"Bahamas, The",2015.0,39.4
"Bahamas, The",2016.0,23.9
"Bahamas, The",2017.0,27.7
"Bahamas, The",2018.0,27.6
"Bahamas, The",2019.0,28.5
Bahrain,2014.0,4.2
Bahrain,2015.0,4.3
Bahrain,2016.0,5.3
Bahrain,2017.0,5.1
Bahrain,2018.0,4.8
Bahrain,2019.0,6.0
Bangladesh,2014.0,9.3
Bangladesh,2015.0,9.0
Bangladesh,2016.0,9.3
Bangladesh,2017.0,9.2
Bangladesh,2018.0,9.2
Bangladesh,2019.0,9.7
Barbados,2014.0,30.9
Barbados,2015.0,22.0
Barbados,2016.0,18.2
Barbados,2017.0,24.5
Barbados,2018.0,25.8
Barbados,2019.0,26.6
Belarus,2014.0,14.6
Belarus,2015.0,20.2
Belarus,2016.0,23.8
Belarus,2017.0,17.1
Belarus,2018.0,11.7
Belarus,2019.0,14.7
Belgium,2014.0,19.5
Belgium,2015.0,19.2
Belgium,2016.0,16.9
Belgium,2017.0,16.7
Belgium,2018.0,15.8
Belgium,2019.0,16.7
Belize,2014.0,22.6
Belize,2015.0,22.3
Belize,2016.0,19.5
Belize,2017.0,19.4
Belize,2018.0,19.5
Belize,2019.0,22.6
Benin,2014.0,23.2
Benin,2015.0,23.1
Benin,2016.0,22.8
Benin,2017.0,20.7
Benin,2018.0,19.6
Benin,2019.0,20.7
Bhutan,2014.0,4.6
Bhutan,2015.0,5.0
Bhutan,2016.0,5.7
Bhutan,2017.0,5.5
Bhutan,2018.0,5.4
Bhutan,2019.0,5.9
Bolivia,2014.0,14.0
Bolivia,2015.0,15.2
Bolivia,2016.0,17.8
Bolivia,2017.0,18.1
Bolivia,2018.0,17.0
Bolivia,2019.0,17.5
Bosnia and Herzegovina,2014.0,13.7
Bosnia and Herzegovina,2015.0,14.0
Bosnia and Herzegovina,2016.0,11.8
Bosnia and Herzegovina,2017.0,13.6
Bosnia and Herzegovina,2018.0,16.2
Bosnia and Herzegovina,2019.0,11.6
Botswana,2014.0,15.7
Botswana,2015.0,14.0
Botswana,2016.0,11.8
Botswana,2017.0,13.2
Botswana,2018.0,14.4
Botswana,2019.0,16.3
Brazil,2014.0,12.3
Brazil,2015.0,15.7
Brazil,2016.0,18.2
Brazil,2017.0,15.4
Brazil,2018.0,16.3
Brazil,2019.0,17.5
Brunei Darussalam,2014.0,6.0
Brunei Darussalam,2015.0,5.7
Brunei Darussalam,2016.0,5.3
Brunei Darussalam,2017.0,5.2
Brunei Darussalam,2018.0,5.2
Brunei Darussalam,2019.0,5.0
Bulgaria,2014.0,10.0
Bulgaria,2015.0,12.8
Bulgaria,2016.0,9.7
Bulgaria,2017.0,9.0
Bulgaria,2018.0,12.4
Bulgaria,2019.0,10.7
Burkina Faso,2014.0,29.4
Burkina Faso,2015.0,28.8
Burkina Faso,2016.0,26.4
Burkina Faso,2017.0,24.2
Burkina Faso,2018.0,22.9
Burkina Faso,2019.0,23.8
Burundi,2014.0,11.7
Burundi,2015.0,11.3
Burundi,2016.0,11.3
Burundi,2017.0,11.1
Burundi,2018.0,15.7
Burundi,2019.0,17.3
Cabo Verde,2014.0,35.0
Cabo Verde,2015.0,35.2
Cabo Verde,2016.0,32.5
Cabo Verde,2017.0,25.1
Cabo Verde,2018.0,28.9
Cabo Verde,2019.0,26.3
Cambodia,2014.0,19.1
Cambodia,2015.0,18.7
Cambodia,2016.0,17.8
Cambodia,2017.0,17.5
Cambodia,2018.0,18.0
Cambodia,2019.0,18.2
Cameroon,2014.0,22.3
Cameroon,2015.0,21.8
Cameroon,2016.0,15.7
Cameroon,2017.0,17.1
Cameroon,2018.0,14.1
Cameroon,2019.0,17.0
Canada,2014.0,12.9
Canada,2015.0,12.6
Canada,2016.0,15.5
Canada,2017.0,14.2
Canada,2018.0,13.3
Canada,2019.0,12.3
Central African Republic,2014.0,12.0
Central African Republic,2015.0,11.1
Central African Republic,2016.0,11.0
Central African Republic,2017.0,10.2
Central African Republic,2018.0,9.8
Central African Republic,2019.0,10.5
Chad,2014.0,25.7
Chad,2015.0,25.4
Chad,2016.0,24.7
Chad,2017.0,23.2
Chad,2018.0,20.5
Chad,2019.0,21.2
Chile,2014.0,9.8
Chile,2015.0,10.1
Chile,2016.0,10.5
Chile,2017.0,9.9
Chile,2018.0,9.7
Chile,2019.0,10.2
China,2014.0,14.3
China,2015.0,14.5
China,2016.0,14.3
China,2017.0,15.4
China,2018.0,15.5
China,2019.0,14.6
Colombia,2014.0,14.4
Colombia,2015.0,14.3
Colombia,2016.0,15.0
Colombia,2017.0,14.4
Colombia,2018.0,13.2
Colombia,2019.0,19.9
Comoros,2014.0,32.9
Comoros,2015.0,32.6
Comoros,2016.0,27.9
Comoros,2017.0,27.4
Comoros,2018.0,26.8
Comoros,2019.0,28.1
"Congo, Dem. Rep.",2014.0,11.5
"Congo, Dem. Rep.",2015.0,11.7
"Congo, Dem. Rep.",2016.0,10.0
"Congo, Dem. Rep.",2017.0,10.0
"Congo, Dem. Rep.",2018.0,10.0
"Congo, Dem. Rep.",2019.0,10.0
"Congo, Rep.",2014.0,11.1
"Congo, Rep.",2015.0,11.1
"Congo, Rep.",2016.0,12.4
"Congo, Rep.",2017.0,10.6
"Congo, Rep.",2018.0,8.2
"Congo, Rep.",2019.0,8.1
Costa Rica,2014.0,25.2
Costa Rica,2015.0,25.7
Costa Rica,2016.0,24.5
Costa Rica,2017.0,14.6
Costa Rica,2018.0,14.4
Costa Rica,2019.0,14.4
Côte d'Ivoire,2014.0,12.1
Côte d'Ivoire,2015.0,12.6
Côte d'Ivoire,2016.0,13.9
Côte d'Ivoire,2017.0,12.0
Côte d'Ivoire,2018.0,11.8
Côte d'Ivoire,2019.0,12.6
Croatia,2014.0,18.4
Croatia,2015.0,18.4
Croatia,2016.0,16.2
Croatia,2017.0,17.1
Croatia,2018.0,17.6
Croatia,2019.0,16.8
Cyprus,2014.0,25.4
Cyprus,2015.0,20.0
Cyprus,2016.0,18.7
Cyprus,2017.0,17.5
Cyprus,2018.0,14.9
Cyprus,2019.0,19.1
Czech Republic,2014.0,17.7
Czech Republic,2015.0,15.3
Czech Republic,2016.0,13.8
Czech Republic,2017.0,12.1
Czech Republic,2018.0,12.1
Czech Republic,2019.0,13.8
Denmark,2014.0,14.7
Denmark,2015.0,14.5
Denmark,2016.0,22.5
Denmark,2017.0,21.4
Denmark,2018.0,20.3
Denmark,2019.0,24.2
Djibouti,2014.0,22.8
Djibouti,2015.0,22.8
Djibouti,2016.0,26.0
Djibouti,2017.0,26.0
Djibouti,2018.0,25.5
Djibouti,2019.0,26.2
Dominica,2014.0,46.5
Dominica,2015.0,36.5
Dominica,2016.0,33.4
Dominica,2017.0,35.2
Dominica,2018.0,34.5
Dominica,2019.0,36.8
Dominican Republic,2014.0,25.0
Dominican Republic,2015.0,24.5
Dominican Republic,2016.0,22.0
Dominican Republic,2017.0,21.3
Dominican Republic,2018.0,20.4
Dominican Republic,2019.0,20.1
Ecuador,2014.0,7.9
Ecuador,2015.0,9.9
Ecuador,2016.0,10.7
Ecuador,2017.0,12.5
Ecuador,2018.0,11.7
Ecuador,2019.0,11.9
"Egypt, Arab Rep.",2014.0,10.8
"Egypt, Arab Rep.",2015.0,11.5
"Egypt, Arab Rep.",2016.0,10.9
"Egypt, Arab Rep.",2017.0,12.1
"Egypt, Arab Rep.",2018.0,8.0
"Egypt, Arab Rep.",2019.0,9.7
El Salvador,2014.0,21.3
El Salvador,2015.0,19.2
El Salvador,2016.0,14.0
El Salvador,2017.0,15.8
El Salvador,2018.0,16.7
El Salvador,2019.0,19.5
Equatorial Guinea,2014.0,22.0
Equatorial Guinea,2015.0,22.7
Equatorial Guinea,2016.0,23.3
Equatorial Guinea,2017.0,21.4
Equatorial Guinea,2018.0,17.0
Equatorial Guinea,2019.0,17.4
Eritrea,2014.0,21.9
Estonia,2014.0,11.2
Estonia,2015.0,11.4
Estonia,2016.0,10.5
Estonia,2017.0,9.9
Estonia,2018.0,8.5
Estonia,2019.0,10.3
Eswatini,2014.0,20.6
Eswatini,2015.0,20.0
Eswatini,2016.0,13.6
Eswatini,2017.0,15.0
Eswatini,2018.0,16.2
Eswatini,2019.0,16.5
Ethiopia,2014.0,4.7
Ethiopia,2015.0,4.7
Ethiopia,2016.0,4.4
Ethiopia,2017.0,4.1
Ethiopia,2018.0,3.9
Ethiopia,2019.0,3.6
Fiji,2014.0,24.7
Fiji,2015.0,24.0
Fiji,2016.0,22.2
Fiji,2017.0,21.1
Fiji,2018.0,20.3
Fiji,2019.0,21.8
Finland,2014.0,16.4
Finland,2015.0,14.3
Finland,2016.0,12.7
Finland,2017.0,11.8
Finland,2018.0,11.3
Finland,2019.0,13.3
France,2014.0,14.2
France,2015.0,14.3
France,2016.0,14.5
France,2017.0,13.6
France,2018.0,13.0
France,2019.0,13.6
Gabon,2014.0,22.2
Gabon,2015.0,22.6
Gabon,2016.0,21.2
Gabon,2017.0,19.4
Gabon,2018.0,18.9
Gabon,2019.0,19.1
"Gambia, The",2014.0,29.0
"Gambia, The",2015.0,25.4
"Gambia, The",2016.0,23.7
"Gambia, The",2017.0,21.1
"Gambia, The",2018.0,20.0
"Gambia, The",2019.0,20.2
Georgia,2014.0,8.2
Georgia,2015.0,7.9
Georgia,2016.0,9.8
Georgia,2017.0,7.4
Georgia,2018.0,6.5
Georgia,2019.0,6.6
Germany,2014.0,29.2
Germany,2015.0,28.5
Germany,2016.0,26.6
Germany,2017.0,33.8
Germany,2018.0,32.2
Germany,2019.0,25.6
Ghana,2014.0,27.1
Ghana,2015.0,25.4
Ghana,2016.0,19.3
Ghana,2017.0,24.5
Ghana,2018.0,22.2
Ghana,2019.0,23.6
Greece,2014.0,14.1
Greece,2015.0,15.6
Greece,2016.0,22.2
Greece,2017.0,20.7
Greece,2018.0,19.5
Greece,2019.0,20.4
Grenada,2014.0,39.8
Grenada,2015.0,29.8
Grenada,2016.0,23.9
Grenada,2017.0,27.7
Grenada,2018.0,27.6
Grenada,2019.0,30.9
Guatemala,2014.0,21.4
Guatemala,2015.0,16.6
Guatemala,2016.0,14.2
Guatemala,2017.0,12.3
Guatemala,2018.0,19.4
Guatemala,2019.0,20.1
Guinea,2014.0,17.2
Guinea,2015.0,17.0
Guinea,2016.0,16.4
Guinea,2017.0,20.9
Guinea,2018.0,19.6
Guinea,2019.0,20.3
Guinea-Bissau,2014.0,33.1
Guinea-Bissau,2015.0,31.2
Guinea-Bissau,2016.0,27.6
Guinea-Bissau,2017.0,26.9
Guinea-Bissau,2018.0,24.9
Guinea-Bissau,2019.0,27.3
Guyana,2014.0,32.2
Guyana,2015.0,29.3
Guyana,2016.0,30.1
Guyana,2017.0,28.9
Guyana,2018.0,30.0
Guyana,2019.0,32.8
Haiti,2014.0,36.8
Haiti,2015.0,35.7
Haiti,2016.0,30.5
Haiti,2017.0,26.2
Haiti,2018.0,22.7
Haiti,2019.0,21.1
Honduras,2014.0,24.5
Honduras,2015.0,19.6
Honduras,2016.0,17.2
Honduras,2017.0,21.1
Honduras,2018.0,17.2
Honduras,2019.0,20.8
"Hong Kong, China",2014.0,15.3
"Hong Kong, China",2015.0,15.5
"Hong Kong, China",2016.0,15.0
"Hong Kong, China",2017.0,15.1
"Hong Kong, China",2018.0,15.4
"Hong Kong, China",2019.0,16.1
Hungary,2014.0,15.3
Hungary,2015.0,16.3
Hungary,2016.0,25.1
Hungary,2017.0,23.4
Hungary,2018.0,17.6
Hungary,2019.0,18.0
Iceland,2014.0,8.9
Iceland,2015.0,8.9
Iceland,2016.0,8.8
Iceland,2017.0,9.4
Iceland,2018.0,10.0
Iceland,2019.0,12.2
India,2014.0,22.9
India,2015.0,22.0
India,2016.0,20.6
India,2017.0,17.6
India,2018.0,17.0
India,2019.0,18.2
Indonesia,2014.0,14.2
Indonesia,2015.0,13.7
Indonesia,2016.0,11.1
Indonesia,2017.0,11.2
Indonesia,2018.0,10.7
Indonesia,2019.0,10.9
"Iran, Islamic Rep.",2014.0,10.0
"Iran, Islamic Rep.",2015.0,8.1
"Iran, Islamic Rep.",2016.0,6.2
"Iran, Islamic Rep.",2017.0,5.8
"Iran, Islamic Rep.",2018.0,5.3
"Iran, Islamic Rep.",2019.0,5.2
Iraq,2014.0,7.9
Iraq,2015.0,7.9
Iraq,2016.0,14.3
Iraq,2017.0,12.0
Iraq,2018.0,9.5
Iraq,2019.0,8.5
Ireland,2014.0,24.1
Ireland,2015.0,23.4
Ireland,2016.0,21.4
Ireland,2017.0,20.6
Ireland,2018.0,19.7
Ireland,2019.0,19.0
Israel,2014.0,14.2
Israel,2015.0,14.3
Israel,2016.0,13.9
Israel,2017.0,12.6
Israel,2018.0,11.9
Israel,2019.0,11.8
Italy,2014.0,25.5
Italy,2015.0,23.8
Italy,2016.0,21.6
Italy,2017.0,20.2
Italy,2018.0,19.3
Italy,2019.0,16.8
Jamaica,2014.0,41.6
Jamaica,2015.0,28.0
Jamaica,2016.0,20.5
Jamaica,2017.0,23.3
Jamaica,2018.0,22.3
Jamaica,2019.0,26.4
Japan,2014.0,29.1
Japan,2015.0,25.9
Japan,2016.0,22.6
Japan,2017.0,21.7
Japan,2018.0,18.6
Japan,2019.0,21.2
Jordan,2014.0,22.8
Jordan,2015.0,24.5
Jordan,2016.0,24.5
Jordan,2017.0,23.8
Jordan,2018.0,23.9
Jordan,2019.0,24.6
Kazakhstan,2014.0,9.8
Kazakhstan,2015.0,9.1
Kazakhstan,2016.0,9.8
Kazakhstan,2017.0,6.0
Kazakhstan,2018.0,5.0
Kazakhstan,2019.0,4.4
Kenya,2014.0,23.1
Kenya,2015.0,21.6
Kenya,2016.0,17.6
Kenya,2017.0,20.2
Kenya,2018.0,21.5
Kenya,2019.0,21.7
Kiribati,2014.0,56.2
Kiribati,2015.0,52.2
Kiribati,2016.0,46.2
Kiribati,2017.0,42.4
Kiribati,2018.0,39.4
Kiribati,2019.0,41.3
"Korea, Rep.",2014.0,10.0
"Korea, Rep.",2015.0,10.1
"Korea, Rep.",2016.0,9.0
"Korea, Rep.",2017.0,8.7
"Korea, Rep.",2018.0,8.5
"Korea, Rep.",2019.0,11.4
Kosovo,2014.0,15.0
Kosovo,2015.0,16.3
Kosovo,2016.0,13.5
Kosovo,2017.0,12.8
Kosovo,2018.0,12.1
Kosovo,2019.0,9.5
Kuwait,2014.0,0.7
Kuwait,2015.0,0.7
Kuwait,2016.0,0.8
Kuwait,2017.0,0.7
Kuwait,2018.0,0.8
Kuwait,2019.0,0.7
Kyrgyz Republic,2014.0,3.1
Kyrgyz Republic,2015.0,4.2
Kyrgyz Republic,2016.0,3.8
Kyrgyz Republic,2017.0,3.4
Kyrgyz Republic,2018.0,2.9
Kyrgyz Republic,2019.0,3.6
Lao PDR,2014.0,10.5
Lao PDR,2015.0,11.0
Lao PDR,2016.0,11.3
Lao PDR,2017.0,11.0
Lao PDR,2018.0,12.9
Lao PDR,2019.0,13.2
Latvia,2014.0,20.1
Latvia,2015.0,16.4
Latvia,2016.0,15.2
Latvia,2017.0,7.4
Latvia,2018.0,9.9
Latvia,2019.0,11.4
Lebanon,2014.0,13.2
Lebanon,2015.0,13.3
Lebanon,2016.0,13.2
Lebanon,2017.0,13.3
Lebanon,2018.0,13.2
Lebanon,2019.0,13.0
Lesotho,2014.0,15.7
Lesotho,2015.0,15.8
Lesotho,2016.0,13.0
Lesotho,2017.0,10.9
Lesotho,2018.0,13.9
Lesotho,2019.0,13.9
Liberia,2014.0,51.4
Liberia,2015.0,55.6
Liberia,2016.0,55.6
Liberia,2017.0,55.6
Liberia,2018.0,39.0
Liberia,2019.0,39.0
Libya,2014.0,14.9
Libya,2015.0,18.2
Libya,2016.0,17.5
Libya,2017.0,14.4
Libya,2018.0,11.6
Libya,2019.0,12.6
Liechtenstein,2018.0,9.3
Liechtenstein,2019.0,9.5
Lithuania,2014.0,20.4
Lithuania,2015.0,12.3
Lithuania,2016.0,10.7
Lithuania,2017.0,9.1
Lithuania,2018.0,8.3
Lithuania,2019.0,9.5
Luxembourg,2014.0,15.5
Luxembourg,2015.0,14.3
Luxembourg,2016.0,12.7
Luxembourg,2017.0,11.3
Luxembourg,2018.0,10.6
Luxembourg,2019.0,12.1
Madagascar,2014.0,15.8
Madagascar,2015.0,15.0
Madagascar,2016.0,13.1
Madagascar,2017.0,14.2
Madagascar,2018.0,15.7
Madagascar,2019.0,11.3
Malawi,2014.0,14.2
Malawi,2015.0,12.1
Malawi,2016.0,17.1
Malawi,2017.0,13.3
Malawi,2018.0,11.5
Malawi,2019.0,17.2
Malaysia,2014.0,16.8
Malaysia,2015.0,15.4
Malaysia,2016.0,14.3
Malaysia,2017.0,12.9
Malaysia,2018.0,11.6
Malaysia,2019.0,12.0
Maldives,2014.0,41.8
Maldives,2015.0,33.3
Maldives,2016.0,27.3
Maldives,2017.0,43.4
Maldives,2018.0,44.9
Maldives,2019.0,39.4
Mali,2014.0,15.8
Mali,2015.0,16.3
Mali,2016.0,15.3
Mali,2017.0,13.9
Mali,2018.0,13.6
Mali,2019.0,14.2
Malta,2014.0,26.6
Malta,2015.0,26.8
Malta,2016.0,17.6
Malta,2017.0,17.9
Malta,2018.0,17.0
Malta,2019.0,19.0
Marshall Islands,2014.0,49.7
Marshall Islands,2015.0,40.6
Marshall Islands,2016.0,40.6
Marshall Islands,2017.0,40.4
Marshall Islands,2018.0,39.1
Marshall Islands,2019.0,40.6
Mauritania,2014.0,21.2
Mauritania,2015.0,20.9
Mauritania,2016.0,21.3
Mauritania,2017.0,19.5
Mauritania,2018.0,17.7
Mauritania,2019.0,17.6
Mauritius,2014.0,26.6
Mauritius,2015.0,22.9
Mauritius,2016.0,21.6
Mauritius,2017.0,20.3
Mauritius,2018.0,19.6
Mauritius,2019.0,20.5
Mexico,2014.0,16.5
Mexico,2015.0,13.7
Mexico,2016.0,6.8
Mexico,2017.0,7.1
Mexico,2018.0,11.5
Mexico,2019.0,16.5
"Micronesia, Fed. Sts.",2014.0,56.0
"Micronesia, Fed. Sts.",2015.0,44.0
"Micronesia, Fed. Sts.",2016.0,35.1
"Micronesia, Fed. Sts.",2017.0,38.8
"Micronesia, Fed. Sts.",2018.0,37.8
"Micronesia, Fed. Sts.",2019.0,41.4
Moldova,2014.0,11.1
Moldova,2015.0,10.3
Moldova,2016.0,10.5
Moldova,2017.0,9.0
Moldova,2018.0,8.8
Moldova,2019.0,8.5
Mongolia,2014.0,6.9
Mongolia,2015.0,7.6
Mongolia,2016.0,6.9
Mongolia,2017.0,6.3
Mongolia,2018.0,5.9
Mongolia,2019.0,5.6
Montenegro,2014.0,9.9
Montenegro,2015.0,9.6
Montenegro,2016.0,13.3
Montenegro,2017.0,12.5
Montenegro,2018.0,13.3
Montenegro,2019.0,14.1
Morocco,2014.0,11.6
Morocco,2015.0,13.0
Morocco,2016.0,12.8
Morocco,2017.0,12.8
Morocco,2018.0,12.3
Morocco,2019.0,12.4
Mozambique,2014.0,7.1
Mozambique,2015.0,7.0
Mozambique,2016.0,8.5
Mozambique,2017.0,8.9
Mozambique,2018.0,10.4
Mozambique,2019.0,9.6
Myanmar,2014.0,12.5
Myanmar,2015.0,13.0
Myanmar,2016.0,10.0
Myanmar,2017.0,9.3
Myanmar,2018.0,8.3
Myanmar,2019.0,8.1
Namibia,2014.0,18.5
Namibia,2015.0,18.1
Namibia,2016.0,17.3
Namibia,2017.0,15.3
Namibia,2018.0,13.5
Namibia,2019.0,15.1
Nepal,2014.0,12.9
Nepal,2015.0,11.4
Nepal,2016.0,10.4
Nepal,2017.0,13.3
Nepal,2018.0,11.4
Nepal,2019.0,12.0
Netherlands,2014.0,12.0
Netherlands,2015.0,11.7
Netherlands,2016.0,11.6
Netherlands,2017.0,10.8
Netherlands,2018.0,10.6
Netherlands,2019.0,14.4
New Zealand,2014.0,13.8
New Zealand,2015.0,14.3
New Zealand,2016.0,13.2
New Zealand,2017.0,12.2
New Zealand,2018.0,11.5
New Zealand,2019.0,12.0
Nicaragua,2014.0,36.1
Nicaragua,2015.0,35.9
Nicaragua,2016.0,33.2
Nicaragua,2017.0,33.2
Nicaragua,2018.0,33.7
Nicaragua,2019.0,33.4
Niger,2014.0,25.5
Niger,2015.0,25.2
Niger,2016.0,23.6
Niger,2017.0,22.1
Niger,2018.0,19.3
Niger,2019.0,21.3
Nigeria,2014.0,15.8
Nigeria,2015.0,25.9
Nigeria,2016.0,20.1
Nigeria,2017.0,16.8
Nigeria,2018.0,13.6
Nigeria,2019.0,11.9
North Macedonia,2014.0,18.4
North Macedonia,2015.0,18.2
North Macedonia,2016.0,17.0
North Macedonia,2017.0,13.4
North Macedonia,2018.0,12.8
North Macedonia,2019.0,15.5
Norway,2014.0,9.7
Norway,2015.0,12.9
Norway,2016.0,11.3
Norway,2017.0,10.1
Norway,2018.0,10.0
Norway,2019.0,10.1
Oman,2014.0,5.3
Oman,2015.0,5.3
Oman,2016.0,5.9
Oman,2017.0,5.3
Oman,2018.0,5.1
Oman,2019.0,6.0
Pakistan,2014.0,20.8
Pakistan,2015.0,19.3
Pakistan,2016.0,19.0
Pakistan,2017.0,18.8
Pakistan,2018.0,18.7
Pakistan,2019.0,21.7
Palau,2014.0,41.2
Palau,2015.0,26.5
Palau,2016.0,25.7
Palau,2017.0,26.1
Palau,2018.0,31.1
Palau,2019.0,32.1
Panama,2014.0,24.7
Panama,2015.0,24.2
Panama,2016.0,24.9
Panama,2017.0,21.2
Panama,2018.0,18.8
Panama,2019.0,25.4
Papua New Guinea,2014.0,44.3
Papua New Guinea,2015.0,40.1
Papua New Guinea,2016.0,35.7
Papua New Guinea,2017.0,31.5
Papua New Guinea,2018.0,30.3
Papua New Guinea,2019.0,28.9
Paraguay,2014.0,6.7
Paraguay,2015.0,6.5
Paraguay,2016.0,6.2
Paraguay,2017.0,7.1
Paraguay,2018.0,6.5
Paraguay,2019.0,6.6
Peru,2014.0,14.2
Peru,2015.0,14.5
Peru,2016.0,13.2
Peru,2017.0,12.2
Peru,2018.0,17.1
Peru,2019.0,19.5
Philippines,2014.0,20.0
Philippines,2015.0,19.4
Philippines,2016.0,17.6
Philippines,2017.0,17.7
Philippines,2018.0,16.4
Philippines,2019.0,18.1
Poland,2014.0,14.3
Poland,2015.0,15.2
Poland,2016.0,15.1
Poland,2017.0,14.1
Poland,2018.0,13.2
Poland,2019.0,13.7
Portugal,2014.0,27.7
Portugal,2015.0,29.6
Portugal,2016.0,18.3
Portugal,2017.0,17.4
Portugal,2018.0,25.2
Portugal,2019.0,22.2
Puerto Rico,2014.0,29.2
Puerto Rico,2015.0,24.0
Puerto Rico,2016.0,24.5
Puerto Rico,2017.0,24.5
Puerto Rico,2018.0,24.5
Puerto Rico,2019.0,24.3
Qatar,2014.0,3.3
Qatar,2015.0,3.5
Qatar,2016.0,4.8
Qatar,2017.0,4.1
Qatar,2018.0,4.0
Qatar,2019.0,3.7
Romania,2014.0,9.1
Romania,2015.0,8.7
Romania,2016.0,8.5
Romania,2017.0,8.0
Romania,2018.0,5.9
Romania,2019.0,9.2
Russian Federation,2014.0,12.0
Russian Federation,2015.0,11.2
Russian Federation,2016.0,9.8
Russian Federation,2017.0,7.8
Russian Federation,2018.0,8.2
Russian Federation,2019.0,8.4
Rwanda,2014.0,19.5
Rwanda,2015.0,18.8
Rwanda,2016.0,17.9
Rwanda,2017.0,16.4
Rwanda,2018.0,13.9
Rwanda,2019.0,13.7
Samoa,2014.0,41.2
Samoa,2015.0,41.3
Samoa,2016.0,37.1
Samoa,2017.0,36.7
Samoa,2018.0,39.1
Samoa,2019.0,38.5
San Marino,2014.0,16.3
San Marino,2015.0,16.4
San Marino,2016.0,13.7
San Marino,2017.0,13.7
San Marino,2018.0,13.8
San Marino,2019.0,15.5
São Tomé and Principe,2014.0,35.1
São Tomé and Principe,2015.0,35.7
São Tomé and Principe,2016.0,31.8
São Tomé and Principe,2017.0,17.9
São Tomé and Principe,2018.0,17.0
São Tomé and Principe,2019.0,18.3
Saudi Arabia,2014.0,6.2
Saudi Arabia,2015.0,6.3
Saudi Arabia,2016.0,9.0
Saudi Arabia,2017.0,8.5
Saudi Arabia,2018.0,7.6
Saudi Arabia,2019.0,7.4
Senegal,2014.0,23.1
Senegal,2015.0,22.6
Senegal,2016.0,21.3
Senegal,2017.0,17.7
Senegal,2018.0,17.3
Senegal,2019.0,18.2
Serbia,2014.0,16.3
Serbia,2015.0,15.6
Serbia,2016.0,6.8
Serbia,2017.0,6.6
Serbia,2018.0,7.3
Serbia,2019.0,10.7
Seychelles,2014.0,35.9
Seychelles,2015.0,37.1
Seychelles,2016.0,28.5
Seychelles,2017.0,31.0
Seychelles,2018.0,31.1
Seychelles,2019.0,32.1
Sierra Leone,2014.0,30.3
Sierra Leone,2015.0,32.3
Sierra Leone,2016.0,25.9
Sierra Leone,2017.0,24.1
Sierra Leone,2018.0,20.4
Sierra Leone,2019.0,18.0
Singapore,2014.0,16.8
Singapore,2015.0,11.3
Singapore,2016.0,8.1
Singapore,2017.0,10.0
Singapore,2018.0,10.2
Singapore,2019.0,5.5
Slovak Republic,2014.0,16.1
Slovak Republic,2015.0,15.5
Slovak Republic,2016.0,14.3
Slovak Republic,2017.0,12.9
Slovak Republic,2018.0,11.6
Slovak Republic,2019.0,15.6
Slovenia,2014.0,13.3
Slovenia,2015.0,13.9
Slovenia,2016.0,14.7
Slovenia,2017.0,13.8
Slovenia,2018.0,14.6
Slovenia,2019.0,26.6
Solomon Islands,2014.0,98.7
Solomon Islands,2015.0,99.9
Solomon Islands,2016.0,96.0
Solomon Islands,2017.0,67.9
Solomon Islands,2018.0,67.4
Solomon Islands,2019.0,71.6
South Africa,2014.0,9.9
South Africa,2015.0,9.3
South Africa,2016.0,15.4
South Africa,2017.0,15.1
South Africa,2018.0,14.8
South Africa,2019.0,16.1
South Sudan,2014.0,22.0
Spain,2014.0,23.1
Spain,2015.0,25.1
Spain,2016.0,15.9
Spain,2017.0,19.1
Spain,2018.0,24.8
Spain,2019.0,26.0
Sri Lanka,2014.0,24.2
Sri Lanka,2015.0,20.3
Sri Lanka,2016.0,20.1
Sri Lanka,2017.0,20.1
Sri Lanka,2018.0,16.9
Sri Lanka,2019.0,17.3
St. Kitts and Nevis,2014.0,40.1
St. Kitts and Nevis,2015.0,30.4
St. Kitts and Nevis,2016.0,29.7
St. Kitts and Nevis,2017.0,30.0
St. Kitts and Nevis,2018.0,29.7
St. Kitts and Nevis,2019.0,30.6
St. Lucia,2014.0,37.8
St. Lucia,2015.0,36.8
St. Lucia,2016.0,28.1
St. Lucia,2017.0,31.5
St. Lucia,2018.0,30.9
St. Lucia,2019.0,32.1
St. Vincent and the Grenadines,2014.0,40.8
St. Vincent and the Grenadines,2015.0,30.1
St. Vincent and the Grenadines,2016.0,29.8
St. Vincent and the Grenadines,2017.0,29.7
St. Vincent and the Grenadines,2018.0,31.5
St. Vincent and the Grenadines,2019.0,34.6
Sudan,2014.0,6.6
Sudan,2015.0,5.6
Sudan,2016.0,5.1
Sudan,2017.0,5.4
Sudan,2018.0,4.4
Sudan,2019.0,2.4
Suriname,2014.0,7.0
Suriname,2015.0,7.2
Suriname,2016.0,15.4
Suriname,2017.0,9.1
Suriname,2018.0,7.3
Suriname,2019.0,7.2
Sweden,2014.0,13.7
Sweden,2015.0,13.3
Sweden,2016.0,12.0
Sweden,2017.0,11.0
Sweden,2018.0,10.2
Sweden,2019.0,10.4
Switzerland,2014.0,17.4
Switzerland,2015.0,16.1
Switzerland,2016.0,15.0
Switzerland,2017.0,12.5
Switzerland,2018.0,12.3
Switzerland,2019.0,13.6
Syrian Arab Republic,2014.0,18.6
Syrian Arab Republic,2015.0,8.1
Syrian Arab Republic,2016.0,11.5
Syrian Arab Republic,2017.0,7.4
Syrian Arab Republic,2018.0,6.7
Syrian Arab Republic,2019.0,7.8
"Taiwan, China",2014.0,14.4
"Taiwan, China",2015.0,14.1
"Taiwan, China",2016.0,12.3
"Taiwan, China",2017.0,10.9
"Taiwan, China",2018.0,11.9
"Taiwan, China",2019.0,11.7
Tajikistan,2014.0,6.7
Tajikistan,2015.0,7.6
Tajikistan,2016.0,8.2
Tajikistan,2017.0,6.8
Tajikistan,2018.0,6.4
Tajikistan,2019.0,6.3
Tanzania,2014.0,16.6
Tanzania,2015.0,16.7
Tanzania,2016.0,15.1
Tanzania,2017.0,13.6
Tanzania,2018.0,12.6
Tanzania,2019.0,12.6
Thailand,2014.0,17.1
Thailand,2015.0,16.7
Thailand,2016.0,15.0
Thailand,2017.0,12.6
Thailand,2018.0,12.6
Thailand,2019.0,13.7
Timor-Leste,2014.0,21.9
Timor-Leste,2015.0,23.5
Timor-Leste,2016.0,24.0
Timor-Leste,2017.0,24.0
Timor-Leste,2018.0,21.5
Timor-Leste,2019.0,23.4
Togo,2014.0,21.4
Togo,2015.0,21.7
Togo,2016.0,19.8
Togo,2017.0,18.4
Togo,2018.0,17.0
Togo,2019.0,17.6
Tonga,2014.0,52.2
Tonga,2015.0,41.6
Tonga,2016.0,33.2
Tonga,2017.0,39.9
Tonga,2018.0,38.5
Tonga,2019.0,36.2
Trinidad and Tobago,2014.0,7.2
Trinidad and Tobago,2015.0,7.2
Trinidad and Tobago,2016.0,7.2
Trinidad and Tobago,2017.0,7.3
Trinidad and Tobago,2018.0,6.7
Trinidad and Tobago,2019.0,6.6
Tunisia,2014.0,10.1
Tunisia,2015.0,10.4
Tunisia,2016.0,9.6
Tunisia,2017.0,9.0
Tunisia,2018.0,9.7
Tunisia,2019.0,7.7
Turkey,2014.0,14.2
Turkey,2015.0,14.0
Turkey,2016.0,14.2
Turkey,2017.0,12.1
Turkey,2018.0,10.1
Turkey,2019.0,8.9
Uganda,2014.0,19.3
Uganda,2015.0,20.9
Uganda,2016.0,22.7
Uganda,2017.0,16.5
Uganda,2018.0,17.1
Uganda,2019.0,16.9
Ukraine,2014.0,12.5
Ukraine,2015.0,13.6
Ukraine,2016.0,9.1
Ukraine,2017.0,6.9
Ukraine,2018.0,7.1
Ukraine,2019.0,6.4
United Arab Emirates,2014.0,10.6
United Arab Emirates,2015.0,11.7
United Arab Emirates,2016.0,12.2
United Arab Emirates,2017.0,12.3
United Arab Emirates,2018.0,11.0
United Arab Emirates,2019.0,10.9
United Kingdom,2014.0,15.0
United Kingdom,2015.0,15.6
United Kingdom,2016.0,15.5
United Kingdom,2017.0,16.1
United Kingdom,2018.0,17.2
United Kingdom,2019.0,17.7
United States,2014.0,15.2
United States,2015.0,15.3
United States,2016.0,16.4
United States,2017.0,16.6
United States,2018.0,17.1
United States,2019.0,18.1
Uruguay,2014.0,21.0
Uruguay,2015.0,19.4
Uruguay,2016.0,18.9
Uruguay,2017.0,17.6
Uruguay,2018.0,16.9
Uruguay,2019.0,16.7
Uzbekistan,2014.0,6.4
Uzbekistan,2015.0,6.2
Uzbekistan,2016.0,6.5
Uzbekistan,2017.0,6.8
Uzbekistan,2018.0,5.7
Uzbekistan,2019.0,5.2
Vanuatu,2014.0,49.7
Vanuatu,2015.0,41.1
Vanuatu,2016.0,33.8
Vanuatu,2017.0,35.1
Vanuatu,2018.0,43.6
Vanuatu,2019.0,38.2
"Venezuela, RB",2014.0,954.7
"Venezuela, RB",2015.0,820.7
"Venezuela, RB",2016.0,1038.0
"Venezuela, RB",2017.0,704.6
"Venezuela, RB",2018.0,653.9
"Venezuela, RB",2019.0,123.8
Vietnam,2014.0,12.0
Vietnam,2015.0,11.6
Vietnam,2016.0,11.6
Vietnam,2017.0,12.0
Vietnam,2018.0,12.3
Vietnam,2019.0,12.5
West Bank and Gaza,2014.0,18.2
West Bank and Gaza,2015.0,16.0
West Bank and Gaza,2016.0,15.8
West Bank and Gaza,2017.0,15.7
West Bank and Gaza,2018.0,17.1
West Bank and Gaza,2019.0,17.6
"Yemen, Rep.",2014.0,9.6
Zambia,2014.0,4.5
Zambia,2015.0,4.8
Zambia,2016.0,3.8
Zambia,2017.0,4.7
Zambia,2018.0,4.7
Zambia,2019.0,4.6
Zimbabwe,2014.0,12.5
Zimbabwe,2015.0,10.5
Zimbabwe,2016.0,12.5
Zimbabwe,2017.0,12.1
Zimbabwe,2018.0,11.9
Zimbabwe,2019.0,12.4
