country_code,year,electricity_price,industry_value_added
AFG,2014.0,23.3,21.2296632181805
AFG,2015.0,22.0,22.1240424906926
AFG,2016.0,20.9,10.4668076938201
AFG,2017.0,18.6,10.0518739969063
AFG,2018.0,17.6,13.3872469597976
AFG,2019.0,18.0,14.0581123697768
ALB,2014.0,9.5,23.8286690584956
ALB,2015.0,10.2,24.4814091473313
ALB,2016.0,9.6,23.8670178864359
ALB,2017.0,9.1,22.9533327106507
ALB,2018.0,8.7,23.7535886253159
ALB,2019.0,9.4,22.9655210859374
DZA,2014.0,2.7,38.5614138325673
DZA,2015.0,2.7,32.7565009315894
DZA,2016.0,3.0,32.205164049828
DZA,2017.0,2.6,33.4766949498416
DZA,2018.0,2.2,35.3432586054084
DZA,2019.0,2.1,33.5743211841578
AGO,2014.0,4.7,43.9966362099567
AGO,2015.0,4.6,36.7338841349078
AGO,2016.0,8.8,37.3943513261608
AGO,2017.0,6.0,37.0989345106935
AGO,2018.0,4.6,41.1891594014386
AGO,2019.0,3.7,42.2251045134162
ATG,2014.0,50.7,15.3667820905787
ATG,2015.0,44.5,15.9280224466081
ATG,2016.0,44.2,17.7641082763748
ATG,2017.0,43.2,18.8045201502856
ATG,2018.0,43.7,20.6520988023085
ATG,2019.0,44.9,21.0807459545502
ARG,2014.0,9.4,24.2773944936602
ARG,2015.0,7.0,23.153056135905
ARG,2016.0,8.8,22.0541072112108
ARG,2017.0,10.6,21.782123219335
ARG,2018.0,15.5,23.7195923321304
ARG,2019.0,10.8,23.1578477391434
ARM,2014.0,8.0,25.2705329463993
ARM,2015.0,8.3,25.7086994351611
ARM,2016.0,9.1,25.5771330395605
ARM,2017.0,8.0,25.8095323791656
ARM,2018.0,7.6,24.7565578476257
ARM,2019.0,7.7,24.9716084573435
AUS,2014.0,22.2,25.5698594984676
AUS,2015.0,21.4,23.6861098353126
AUS,2016.0,19.3,22.3130168026382
AUS,2017.0,17.2,23.4479311698975
AUS,2018.0,23.1,24.1083351497002
AUS,2019.0,20.4,25.2555129054284
AUT,2014.0,11.6,25.7857017006482
AUT,2015.0,11.3,25.5152402246539
AUT,2016.0,9.5,25.9124691845374
AUT,2017.0,8.9,25.8023213025638
AUT,2018.0,9.8,25.7190926354333
AUT,2019.0,10.2,25.5363771006496
AZE,2014.0,7.6,53.5868546669355
AZE,2015.0,7.6,44.8913203383597
AZE,2016.0,5.9,47.5578070076723
AZE,2017.0,6.1,49.7017251037138
AZE,2018.0,5.4,52.2509114518304
AZE,2019.0,4.8,48.8232665251868
BHS,2014.0,39.9,13.1841890278389
BHS,2015.0,39.4,11.1534432655268
BHS,2016.0,23.9,13.1841863831865
BHS,2017.0,27.7,12.9253067028738
BHS,2018.0,27.6,12.2620756365452
BHS,2019.0,28.5,12.9893801310537
BHR,2014.0,4.2,45.3135767644884
BHR,2015.0,4.3,39.0907990671172
BHR,2016.0,5.3,38.2033398636175
BHR,2017.0,5.1,39.9934662996166
BHR,2018.0,4.8,41.4758871750475
BHR,2019.0,6.0,40.6177669647554
BGD,2014.0,9.3,26.3110467833576
BGD,2015.0,9.0,26.8313948329541
BGD,2016.0,9.3,31.0691513830358
BGD,2017.0,9.2,31.2482919641603
BGD,2018.0,9.2,31.9828135899766
BGD,2019.0,9.7,32.8525491977868
BRB,2014.0,30.9,13.7076112870512
BRB,2015.0,22.0,13.6105578126234
BRB,2016.0,18.2,13.317238219434
BRB,2017.0,24.5,13.6200874515014
BRB,2018.0,25.8,12.7833454127409
BRB,2019.0,26.6,12.5530481916957
BLR,2014.0,14.6,35.3790497233345
BLR,2015.0,20.2,32.6923057673017
BLR,2016.0,23.8,30.9584092512823
BLR,2017.0,17.1,31.5544850881623
BLR,2018.0,11.7,31.2656097096379
BLR,2019.0,14.7,31.737128716913
BEL,2014.0,19.5,19.6190570732838
BEL,2015.0,19.2,19.4767746872729
BEL,2016.0,16.9,19.0981057822176
BEL,2017.0,16.7,19.1545604130921
BEL,2018.0,15.8,18.9641251486969
BEL,2019.0,16.7,19.2417105698694
BLZ,2014.0,22.6,15.8379694223947
BLZ,2015.0,22.3,14.5536010059023
BLZ,2016.0,19.5,15.4437196063941
BLZ,2017.0,19.4,14.0908583022047
BLZ,2018.0,19.5,13.6672354461825
BLZ,2019.0,22.6,14.0497462353602
BEN,2014.0,23.2,16.4115774866134
BEN,2015.0,23.1,16.3850954444902
BEN,2016.0,22.8,15.7020683118185
BEN,2017.0,20.7,15.1075858507501
BEN,2018.0,19.6,14.6419567509163
BEN,2019.0,20.7,16.3125612015902
BTN,2014.0,4.6,37.6449550742574
BTN,2015.0,5.0,38.4680946453953
BTN,2016.0,5.7,38.448996403302
BTN,2017.0,5.5,39.0388793784971
BTN,2018.0,5.4,35.2652134391702
BTN,2019.0,5.9,33.0939030506784
BOL,2014.0,14.0,27.6254998805738
BOL,2015.0,15.2,25.2024162838659
BOL,2016.0,17.8,25.3263589797711
BOL,2017.0,18.1,30.1846229804293
BOL,2018.0,17.0,30.385489117214
BOL,2019.0,17.5,30.4627271604529
BIH,2014.0,13.7,22.1563691753674
BIH,2015.0,14.0,21.7264522311122
BIH,2016.0,11.8,22.3443510624615
BIH,2017.0,13.6,23.1210747823113
BIH,2018.0,16.2,23.7113564316664
BIH,2019.0,11.6,23.2037923257609
BWA,2014.0,15.7,41.7777034040156
BWA,2015.0,14.0,37.5439994873569
BWA,2016.0,11.8,40.3451621913098
BWA,2017.0,13.2,37.1010050249191
BWA,2018.0,14.4,34.8003276690785
BWA,2019.0,16.3,31.947105419301
BRA,2014.0,12.3,20.4724627475115
BRA,2015.0,15.7,19.3600439809564
BRA,2016.0,18.2,18.3547582770536
BRA,2017.0,15.4,18.1885023085758
BRA,2018.0,16.3,18.7490514527988
BRA,2019.0,17.5,18.7546275724707
BRN,2014.0,6.0,67.8496307805484
BRN,2015.0,5.7,61.3627773605269
BRN,2016.0,5.3,57.2893638536308
BRN,2017.0,5.2,59.7205889692852
BRN,2018.0,5.2,63.2448184042319
BRN,2019.0,5.0,62.5153210994416
BGR,2014.0,10.0,23.4443018802846
BGR,2015.0,12.8,24.0301394911987
BGR,2016.0,9.7,24.4597736962039
BGR,2017.0,9.0,23.9892951281784
BGR,2018.0,12.4,22.2389603260891
BGR,2019.0,10.7,21.5624567722623
BFA,2014.0,29.4,24.9295392471244
BFA,2015.0,28.8,24.3613757844362
BFA,2016.0,26.4,24.8815173666488
BFA,2017.0,24.2,25.1402372200063
BFA,2018.0,22.9,25.5894433780973
BFA,2019.0,23.8,27.4259133812459
BDI,2014.0,11.7,15.4515364871187
BDI,2015.0,11.3,15.4180338407269
BDI,2016.0,11.3,16.9063592990669
BDI,2017.0,11.1,16.9790944347346
BDI,2018.0,15.7,17.9191253800086
BDI,2019.0,17.3,17.5450876204546
CPV,2014.0,35.0,15.4556956659682
CPV,2015.0,35.2,14.6158909934146
CPV,2016.0,32.5,12.6668493291087
CPV,2017.0,25.1,12.5188038438799
CPV,2018.0,28.9,14.6286899740782
CPV,2019.0,26.3,13.2851974278212
KHM,2014.0,19.1,29.9169916479613
KHM,2015.0,18.7,31.4639051712341
KHM,2016.0,17.8,33.0562094608004
KHM,2017.0,17.5,34.2980809169165
KHM,2018.0,18.0,36.8714237524226
KHM,2019.0,18.2,39.0455946521572
CMR,2014.0,22.3,25.7078027839026
CMR,2015.0,21.8,25.0914880063978
CMR,2016.0,15.7,24.1821445706245
CMR,2017.0,17.1,24.2621952863109
CMR,2018.0,14.1,24.6822312095632
CMR,2019.0,17.0,23.826878053897
CAN,2014.0,12.9,27.1379424601872
CAN,2015.0,12.6,24.4156825468916
CAN,2016.0,15.5,23.2953005455848
CAN,2017.0,14.2,24.0278028870792
CAN,2018.0,13.3,24.6223059554353
CAN,2019.0,12.3,24.0774078769413
CAF,2014.0,12.0,19.4826086120024
CAF,2015.0,11.1,22.1252513485047
CAF,2016.0,11.0,21.6382374370791
CAF,2017.0,10.2,20.7372245546503
CAF,2018.0,9.8,20.5557559569889
CAF,2019.0,10.5,20.5119712162628
TCD,2014.0,25.7,37.1094347348857
TCD,2015.0,25.4,33.9182904673272
TCD,2016.0,24.7,25.3450186548517
TCD,2017.0,23.2,26.4585882128612
TCD,2018.0,20.5,29.0064942875454
TCD,2019.0,21.2,28.75903709786
CHL,2014.0,9.8,28.9028670653185
CHL,2015.0,10.1,27.8806404106495
CHL,2016.0,10.5,26.7795650481896
CHL,2017.0,9.9,27.3811560671383
CHL,2018.0,9.7,27.8615227739821
CHL,2019.0,10.2,27.1184422429165
CHN,2014.0,14.3,42.2827157791092
CHN,2015.0,14.5,40.0475902161032
CHN,2016.0,14.3,38.811156093921
CHN,2017.0,15.4,39.129944350895
CHN,2018.0,15.5,38.9777001747097
CHN,2019.0,14.6,37.7642333162735
COL,2014.0,14.4,30.9858527230854
COL,2015.0,14.3,28.5894478881361
COL,2016.0,15.0,27.689162311787
COL,2017.0,14.4,26.8148589146209
COL,2018.0,13.2,26.8954667535946
COL,2019.0,19.9,25.993426836769
COM,2014.0,32.9,11.6109251303108
COM,2015.0,32.6,10.4084081560234
COM,2016.0,27.9,9.85451807028183
COM,2017.0,27.4,9.13735009601101
COM,2018.0,26.8,8.87679585626469
COM,2019.0,28.1,8.5310006225517
COD,2014.0,11.5,41.6198309477347
COD,2015.0,11.7,40.537636098592
COD,2016.0,10.0,38.655052456977
COD,2017.0,10.0,39.2934247373311
COD,2018.0,10.0,38.2165467089592
COD,2019.0,10.0,34.4712510908167
COG,2014.0,11.1,58.0014155398265
COG,2015.0,11.1,48.6789561936062
COG,2016.0,12.4,38.4474514101503
COG,2017.0,10.6,45.9671895089887
COG,2018.0,8.2,54.391991835456
COG,2019.0,8.1,50.1286715725578
CRI,2014.0,25.2,20.6164054191975
CRI,2015.0,25.7,19.9678784677773
CRI,2016.0,24.5,19.6500112824728
CRI,2017.0,14.6,19.3145397059632
CRI,2018.0,14.4,19.5581432647296
CRI,2019.0,14.4,19.2336569312753
CIV,2014.0,12.1,19.8455486242141
CIV,2015.0,12.6,20.1215578301808
CIV,2016.0,13.9,20.820713814142
CIV,2017.0,12.0,19.8085626532407
CIV,2018.0,11.8,19.1116818893978
CIV,2019.0,12.6,21.6420400540965
HRV,2014.0,18.4,20.6526480346575
HRV,2015.0,18.4,20.3701373622843
HRV,2016.0,16.2,20.2769414390036
HRV,2017.0,17.1,19.7721853620712
HRV,2018.0,17.6,19.289972926094
HRV,2019.0,16.8,19.5762975915854
CYP,2014.0,25.4,9.97287676875997
CYP,2015.0,20.0,10.1909463210663
CYP,2016.0,18.7,10.836514879496
CYP,2017.0,17.5,11.3472324007128
CYP,2018.0,14.9,12.0224270287232
CYP,2019.0,19.1,12.7890118881986
CZE,2014.0,17.7,33.5256056944841
CZE,2015.0,15.3,33.515061761941
CZE,2016.0,13.8,33.0261220764687
CZE,2017.0,12.1,32.2345069182507
CZE,2018.0,12.1,31.2449402120943
CZE,2019.0,13.8,30.8172927602906
DNK,2014.0,14.7,19.4044479337978
DNK,2015.0,14.5,19.5644428511085
DNK,2016.0,22.5,20.2319629319966
DNK,2017.0,21.4,20.4236252284711
DNK,2018.0,20.3,20.5755636281273
DNK,2019.0,24.2,20.6402200527554
DJI,2014.0,22.8,11.612957172612
DJI,2015.0,22.8,11.3951494809576
DJI,2016.0,26.0,11.3387071221455
DJI,2017.0,26.0,12.4061244543166
DJI,2018.0,25.5,13.991615352663
DJI,2019.0,26.2,14.6103467336685
DMA,2014.0,46.5,13.5409587791002
DMA,2015.0,36.5,11.9415971243125
DMA,2016.0,33.4,12.5108806035108
DMA,2017.0,35.2,11.6477982459601
DMA,2018.0,34.5,16.4273165670357
DMA,2019.0,36.8,16.4478298361598
DOM,2014.0,25.0,28.3860007406051
DOM,2015.0,24.5,26.9345632876959
DOM,2016.0,22.0,25.8795514870557
DOM,2017.0,21.3,25.7840049829017
DOM,2018.0,20.4,26.9196437003489
DOM,2019.0,20.1,27.3564369481505
ECU,2014.0,7.9,35.7119955282529
ECU,2015.0,9.9,28.0900423392523
ECU,2016.0,10.7,27.5339637947157
ECU,2017.0,12.5,28.4680086969835
ECU,2018.0,11.7,28.0147488586162
ECU,2019.0,11.9,26.6504631266844
EGY,2014.0,10.8,39.890323943662
EGY,2015.0,11.5,36.6302017267482
EGY,2016.0,10.9,32.4559533476046
EGY,2017.0,12.1,34.3958677753768
EGY,2018.0,8.0,35.3298750589345
EGY,2019.0,9.7,35.8254244102931
SLV,2014.0,21.3,26.0135339989829
SLV,2015.0,19.2,25.2889295441979
SLV,2016.0,14.0,24.8348278708617
SLV,2017.0,15.8,25.1714727339037
SLV,2018.0,16.7,25.0755067570813
SLV,2019.0,19.5,25.3481437171191
GNQ,2014.0,22.0,70.1909452181904
GNQ,2015.0,22.7,59.1005872679086
GNQ,2016.0,23.3,52.3302543282798
GNQ,2017.0,21.4,56.8622280929059
GNQ,2018.0,17.0,57.2950816179221
GNQ,2019.0,17.4,52.0754100364789
EST,2014.0,11.2,24.1060210413845
EST,2015.0,11.4,23.1154851402023
EST,2016.0,10.5,23.2340417592371
EST,2017.0,9.9,23.180862044638
EST,2018.0,8.5,23.288660554967
EST,2019.0,10.3,22.313384878363
SWZ,2014.0,20.6,36.1654875610372
SWZ,2015.0,20.0,36.9658639938824
SWZ,2016.0,13.6,37.821426598306
SWZ,2017.0,15.0,34.9112500521839
SWZ,2018.0,16.2,34.0032885839109
SWZ,2019.0,16.5,34.6470784405459
ETH,2014.0,4.7,13.4713245062584
ETH,2015.0,4.7,16.2977936386153
ETH,2016.0,4.4,21.9325618536317
ETH,2017.0,4.1,23.5819066692345
ETH,2018.0,3.9,27.3057073050799
ETH,2019.0,3.6,24.8223642571985
FJI,2014.0,24.7,15.0127657452154
FJI,2015.0,24.0,15.1712702717256
FJI,2016.0,22.2,16.2026860305427
FJI,2017.0,21.1,15.6940487656539
FJI,2018.0,20.3,15.5373182374238
FJI,2019.0,21.8,17.0371781659464
FIN,2014.0,16.4,23.0618639333511
FIN,2015.0,14.3,23.3039316434498
FIN,2016.0,12.7,23.4765920163918
FIN,2017.0,11.8,24.4706416384075
FIN,2018.0,11.3,24.1107349992454
FIN,2019.0,13.3,24.1466052876512
FRA,2014.0,14.2,17.3416195349368
FRA,2015.0,14.3,17.236441547058
FRA,2016.0,14.5,16.9433572396904
FRA,2017.0,13.6,16.7483032647876
FRA,2018.0,13.0,16.725283255726
FRA,2019.0,13.6,16.907003960354
GAB,2014.0,22.2,52.7222416503812
GAB,2015.0,22.6,48.1836272968661
GAB,2016.0,21.2,45.0378509048684
GAB,2017.0,19.4,45.4673089938161
GAB,2018.0,18.9,47.1270856238547
GAB,2019.0,19.1,47.6788640928906
GMB,2014.0,29.0,13.214834279827
GMB,2015.0,25.4,17.1434530643603
GMB,2016.0,23.7,20.9355929614924
GMB,2017.0,21.1,17.8927550195818
GMB,2018.0,20.0,17.3104257988738
GMB,2019.0,20.2,17.2826008332323
GEO,2014.0,8.2,18.1712886955425
GEO,2015.0,7.9,19.7698929026282
GEO,2016.0,9.8,19.1221601510136
GEO,2017.0,7.4,21.2674893565554
GEO,2018.0,6.5,20.9042764578834
GEO,2019.0,6.6,20.0073713952459
DEU,2014.0,29.2,25.9859539549736
DEU,2015.0,28.5,25.8737038512745
DEU,2016.0,26.6,26.1732405694774
DEU,2017.0,33.8,25.9754703565139
DEU,2018.0,32.2,25.8506477811784
DEU,2019.0,25.6,25.5415743169893
GHA,2014.0,27.1,33.8982030516643
GHA,2015.0,25.4,31.1193795046839
GHA,2016.0,19.3,27.6932546491989
GHA,2017.0,24.5,29.9522176933621
GHA,2018.0,22.2,31.1777436281076
GHA,2019.0,23.6,31.1077243700312
GRC,2014.0,14.1,14.144282569928
GRC,2015.0,15.6,14.4406143927451
GRC,2016.0,22.2,14.3053359941807
GRC,2017.0,20.7,13.5438938901132
GRC,2018.0,19.5,13.6804076386379
GRC,2019.0,20.4,13.4139572418293
GRD,2014.0,39.8,12.8104378636674
GRD,2015.0,29.8,12.3242889833279
GRD,2016.0,23.9,12.1551895563471
GRD,2017.0,27.7,12.715876749963
GRD,2018.0,27.6,13.4331770166911
GRD,2019.0,30.9,13.6417603413492
GTM,2014.0,21.4,23.1927143718844
GTM,2015.0,16.6,22.7375104809835
GTM,2016.0,14.2,22.6144392993251
GTM,2017.0,12.3,21.9049014315292
GTM,2018.0,19.4,21.4264352094944
GTM,2019.0,20.1,21.9422533815816
GIN,2014.0,17.2,29.6941648521559
GIN,2015.0,17.0,26.3246416118291
GIN,2016.0,16.4,30.1038432883843
GIN,2017.0,20.9,31.653986926333
GIN,2018.0,19.6,33.3410014345781
GIN,2019.0,20.3,29.390798702636
GNB,2014.0,33.1,14.6822693955448
GNB,2015.0,31.2,12.9268475259906
GNB,2016.0,27.6,12.0226933283458
GNB,2017.0,26.9,11.7058928971019
GNB,2018.0,24.9,16.3705721944585
GNB,2019.0,27.3,15.6395774663519
GUY,2014.0,32.2,24.3921272261287
GUY,2015.0,29.3,24.7187387911341
GUY,2016.0,30.1,29.382927306177
GUY,2017.0,28.9,26.2071926714792
GUY,2018.0,30.0,26.2597639752552
GUY,2019.0,32.8,28.6892259316288
HTI,2014.0,36.8,26.5606297593527
HTI,2015.0,35.7,26.0556909416746
HTI,2016.0,30.5,24.4486778891376
HTI,2017.0,26.2,23.7054083866046
HTI,2018.0,22.7,24.1385210331551
HTI,2019.0,21.1,23.3823262210182
HND,2014.0,24.5,24.510778796214
HND,2015.0,19.6,25.6499709386427
HND,2016.0,17.2,25.8278974975697
HND,2017.0,21.1,26.5389223099615
HND,2018.0,17.2,26.5924587973715
HND,2019.0,20.8,26.7243168964313
HKG,2014.0,15.3,7.0675064878175
HKG,2015.0,15.5,7.05801657854796
HKG,2016.0,15.0,7.47571466772237
HKG,2017.0,15.1,7.21876244307908
HKG,2018.0,15.4,6.47887850480474
HKG,2019.0,16.1,6.25471437479218
HUN,2014.0,15.3,25.6873886769853
HUN,2015.0,16.3,26.3916783181703
HUN,2016.0,25.1,25.4486066021034
HUN,2017.0,23.4,25.1587549896178
HUN,2018.0,17.6,24.9697501840475
HUN,2019.0,18.0,24.6337376234071
ISL,2014.0,8.9,20.6391066712987
ISL,2015.0,8.9,19.94941842555
ISL,2016.0,8.8,19.5126644938287
ISL,2017.0,9.4,19.4710396712039
ISL,2018.0,10.0,19.7316038131118
ISL,2019.0,12.2,19.5699967953928
IND,2014.0,22.9,27.6564012026443
IND,2015.0,22.0,27.34739147794
IND,2016.0,20.6,26.6189999399789
IND,2017.0,17.6,26.5000166464804
IND,2018.0,17.0,26.4120919013735
IND,2019.0,18.2,24.5914753075066
IDN,2014.0,14.2,41.9283421270033
IDN,2015.0,13.7,40.0478624042506
IDN,2016.0,11.1,39.3084439802081
IDN,2017.0,11.2,39.3791548040237
IDN,2018.0,10.7,39.7297374523848
IDN,2019.0,10.9,38.9517679950779
IRN,2014.0,10.0,39.2282280462408
IRN,2015.0,8.1,32.1747396532204
IRN,2016.0,6.2,34.3222829592861
IRN,2017.0,5.8,36.1413931191139
IRN,2018.0,5.3,37.1484284566829
IRN,2019.0,5.2,33.4149250633862
IRQ,2014.0,7.9,55.3075963759279
IRQ,2015.0,7.9,45.340288824262
IRQ,2016.0,14.3,46.1825020614016
IRQ,2017.0,12.0,51.3296814634291
IRQ,2018.0,9.5,54.1699427538136
IRQ,2019.0,8.5,53.1094032824868
IRL,2014.0,24.1,24.4288440676474
IRL,2015.0,23.4,38.4401729288171
IRL,2016.0,21.4,36.5192338386058
IRL,2017.0,20.6,36.2543208523413
IRL,2018.0,19.7,36.848503844665
IRL,2019.0,19.0,35.880910077936
ISR,2014.0,14.2,19.9174851566845
ISR,2015.0,14.3,19.9747306038652
ISR,2016.0,13.9,19.1238077128283
ISR,2017.0,12.6,18.564684688678
ISR,2018.0,11.9,18.8202979612975
ISR,2019.0,11.8,18.9233446958735
ITA,2014.0,25.5,20.1870844682284
ITA,2015.0,23.8,20.2895283210976
ITA,2016.0,21.6,20.6626457226581
ITA,2017.0,20.2,20.7926142437946
ITA,2018.0,19.3,20.9865490224579
ITA,2019.0,16.8,21.0122984359559
JAM,2014.0,41.6,18.3652279034414
JAM,2015.0,28.0,17.2364205205086
JAM,2016.0,20.5,17.0837288086486
JAM,2017.0,23.3,17.3098108220914
JAM,2018.0,22.3,17.881931896287
JAM,2019.0,26.4,16.6720709416832
JPN,2014.0,29.1,27.3136267349767
JPN,2015.0,25.9,28.5837114240167
JPN,2016.0,22.6,28.6299476490573
JPN,2017.0,21.7,28.8824260088632
JPN,2018.0,18.6,29.0140076866127
JPN,2019.0,21.2,28.8040848106902
JOR,2014.0,22.8,25.5087965588519
JOR,2015.0,24.5,25.2328062594007
JOR,2016.0,24.5,24.6693119626594
JOR,2017.0,23.8,24.5139698529782
JOR,2018.0,23.9,24.0778332538588
JOR,2019.0,24.6,24.1116880393062
KAZ,2014.0,9.8,33.2094258316125
KAZ,2015.0,9.1,30.8547873936113
KAZ,2016.0,9.8,31.9797903606788
KAZ,2017.0,6.0,32.3252253010728
KAZ,2018.0,5.0,33.4962004017876
KAZ,2019.0,4.4,33.028795913527
KEN,2014.0,23.1,19.0360328023672
KEN,2015.0,21.6,18.8940456983605
KEN,2016.0,17.6,18.1621592865164
KEN,2017.0,20.2,17.5035092078691
KEN,2018.0,21.5,17.313146131064
KEN,2019.0,21.7,16.9305452274709
KIR,2014.0,56.2,14.115070360461
KIR,2015.0,52.2,14.7267735467294
KIR,2016.0,46.2,14.6506389824021
KIR,2017.0,42.4,12.4167579233588
KIR,2018.0,39.4,11.0818123847419
KIR,2019.0,41.3,9.56440607223913
KOR,2014.0,10.0,35.0245177739824
KOR,2015.0,10.1,35.113231110723
KOR,2016.0,9.0,35.226493712639
KOR,2017.0,8.7,35.6298842658067
KOR,2018.0,8.5,34.9767074768513
KOR,2019.0,11.4,33.6464921028153
XKX,2014.0,15.0,26.5170668316715
XKX,2015.0,16.3,26.9432328185615
XKX,2016.0,13.5,26.8584265970502
XKX,2017.0,12.8,27.5275719677758
XKX,2018.0,12.1,27.9083585287373
XKX,2019.0,9.5,27.0883844668186
KWT,2014.0,0.7,70.5483167543953
KWT,2015.0,0.7,55.9358456541559
KWT,2016.0,0.8,52.134780154177
KWT,2017.0,0.7,55.6192158978196
KWT,2018.0,0.8,60.1276537174576
KWT,2019.0,0.7,57.7186566770031
KGZ,2014.0,3.1,23.8882289228189
KGZ,2015.0,4.2,25.0780623169816
KGZ,2016.0,3.8,26.5464240007793
KGZ,2017.0,3.4,27.3080934715766
KGZ,2018.0,2.9,27.4785136821163
KGZ,2019.0,3.6,26.5803149529246
LAO,2014.0,10.5,28.815000545489
LAO,2015.0,11.0,27.6933442499915
LAO,2016.0,11.3,28.7595046372574
LAO,2017.0,11.0,30.91247539947
LAO,2018.0,12.9,31.533192488879
LAO,2019.0,13.2,31.531381987864
LVA,2014.0,20.1,19.6186043266703
LVA,2015.0,16.4,19.7834567448988
LVA,2016.0,15.2,19.1654365749872
LVA,2017.0,7.4,19.7767293914993
LVA,2018.0,9.9,19.3453568005874
LVA,2019.0,11.4,19.5988527886207
LBN,2014.0,13.2,16.2094101272442
LBN,2015.0,13.3,15.7051846447457
LBN,2016.0,13.2,15.9539038084869
LBN,2017.0,13.3,14.9268797796791
LBN,2018.0,13.2,13.8056023781184
LBN,2019.0,13.0,12.4991181838946
LSO,2014.0,15.7,32.1608736210412
LSO,2015.0,15.8,33.7385657003649
LSO,2016.0,13.0,30.5866475742865
LSO,2017.0,10.9,28.5730617255808
LSO,2018.0,13.9,31.139042579725
LSO,2019.0,13.9,30.5436539026894
LBR,2014.0,51.4,18.554810004303
LBR,2015.0,55.6,16.8248454785241
LBR,2016.0,55.6,13.7704420019235
LBR,2017.0,55.6,15.4416514284322
LBR,2018.0,39.0,16.9238649522893
LBR,2019.0,39.0,16.9896070200098
LBY,2014.0,14.9,46.7692775548728
LBY,2015.0,18.2,34.8289693278703
LBY,2016.0,17.5,26.0770762664238
LBY,2017.0,14.4,38.9800161101817
LBY,2018.0,11.6,49.676758007488
LBY,2019.0,12.6,49.9776179313478
LIE,2018.0,9.3,41.7550346850839
LIE,2019.0,9.5,44.2952285660684
LTU,2014.0,20.4,27.726441177948
LTU,2015.0,12.3,26.9636978611038
LTU,2016.0,10.7,25.9974602207029
LTU,2017.0,9.1,25.720457681502
LTU,2018.0,8.3,25.5788787201366
LTU,2019.0,9.5,25.2564149405008
LUX,2014.0,15.5,10.810880633632
LUX,2015.0,14.3,11.539623433831
LUX,2016.0,12.7,12.0959325625638
LUX,2017.0,11.3,10.8183368591649
LUX,2018.0,10.6,10.9720784332984
LUX,2019.0,12.1,11.6004638626305
MDG,2014.0,15.8,19.2497828687657
MDG,2015.0,15.0,18.950884731327
MDG,2016.0,13.1,19.4099444668858
MDG,2017.0,14.2,20.1123576645922
MDG,2018.0,15.7,21.4819574714216
MDG,2019.0,11.3,22.445497353094
MWI,2014.0,14.2,17.2649267145494
MWI,2015.0,12.1,17.556172133103
MWI,2016.0,17.1,17.655842210407
MWI,2017.0,13.3,17.747962478614
MWI,2018.0,11.5,18.3907940135861
MWI,2019.0,17.2,18.4990069222553
MYS,2014.0,16.8,39.9244244845871
MYS,2015.0,15.4,38.4497222119902
MYS,2016.0,14.3,37.6832749440922
MYS,2017.0,12.9,38.114672270307
MYS,2018.0,11.6,38.2914253580498
MYS,2019.0,12.0,37.4765336887335
MDV,2014.0,41.8,8.41391069150311
MDV,2015.0,33.3,10.7232265324627
MDV,2016.0,27.3,11.2741492118251
MDV,2017.0,43.4,11.4251984418663
MDV,2018.0,44.9,13.0536487636968
MDV,2019.0,39.4,11.942543801854
MLI,2014.0,15.8,24.0582958024424
MLI,2015.0,16.3,22.3555320283093
MLI,2016.0,15.3,21.8908239361417
MLI,2017.0,13.9,22.1743386291663
MLI,2018.0,13.6,23.2080317204235
MLI,2019.0,14.2,23.0829741121544
MLT,2014.0,26.6,13.0760489285081
MLT,2015.0,26.8,12.0894145378063
MLT,2016.0,17.6,12.27883734522
MLT,2017.0,17.9,11.4557590803113
MLT,2018.0,17.0,11.5164039502955
MLT,2019.0,19.0,12.0663263039942
MHL,2014.0,49.7,14.5738172043011
MHL,2015.0,40.6,11.298856831791
MHL,2016.0,40.6,15.2969772051536
MHL,2017.0,40.4,13.0123069723912
MHL,2018.0,39.1,12.1986818181818
MHL,2019.0,40.6,14.4171747531129
MRT,2014.0,21.2,28.4373706611028
MRT,2015.0,20.9,22.7465105988095
MRT,2016.0,21.3,25.2197600424352
MRT,2017.0,19.5,23.7456292323677
MRT,2018.0,17.7,23.6350387192204
MRT,2019.0,17.6,28.5984350915107
MUS,2014.0,26.6,19.4849175221344
MUS,2015.0,22.9,18.9486991254014
MUS,2016.0,21.6,18.3463010991725
MUS,2017.0,20.3,17.5282666855876
MUS,2018.0,19.6,17.3385214007782
MUS,2019.0,20.5,16.6696822824233
MEX,2014.0,16.5,31.9175541331636
MEX,2015.0,13.7,30.8402536092133
MEX,2016.0,6.8,30.6167913981452
MEX,2017.0,7.1,31.9586846731805
MEX,2018.0,11.5,32.0438654533728
MEX,2019.0,16.5,31.8382961395485
FSM,2014.0,56.0,5.97589617420489
FSM,2015.0,44.0,6.05754807047787
FSM,2016.0,35.1,6.04695384615385
FSM,2017.0,38.8,5.42941504178273
FSM,2018.0,37.8,4.86645408163265
FSM,2019.0,41.4,4.81791878172589
MDA,2014.0,11.1,21.1263772009346
MDA,2015.0,10.3,21.1076657265026
MDA,2016.0,10.5,21.1944646085144
MDA,2017.0,9.0,21.0188767695091
MDA,2018.0,8.8,22.1479763600006
MDA,2019.0,8.5,21.9233489252916
MNG,2014.0,6.9,31.4976232744188
MNG,2015.0,7.6,31.5158775834209
MNG,2016.0,6.9,33.1780715301999
MNG,2017.0,6.3,37.4184116118863
MNG,2018.0,5.9,37.975670332755
MNG,2019.0,5.6,38.0926977643653
MNE,2014.0,9.9,14.3320646687925
MNE,2015.0,9.6,14.4315421692779
MNE,2016.0,13.3,15.5802198596652
MNE,2017.0,12.5,14.8316847329192
MNE,2018.0,13.3,16.1079670855784
MNE,2019.0,14.1,16.435437285219
MAR,2014.0,11.6,25.8132675090419
MAR,2015.0,13.0,25.6226817262287
MAR,2016.0,12.8,25.685104578574
MAR,2017.0,12.8,25.405454806575
MAR,2018.0,12.3,25.2413538068182
MAR,2019.0,12.4,25.2499524130611
MOZ,2014.0,7.1,17.4884683555603
MOZ,2015.0,7.0,18.6152107018236
MOZ,2016.0,8.5,20.5669830121929
MOZ,2017.0,8.9,23.6070708049686
MOZ,2018.0,10.4,25.3339200589579
MOZ,2019.0,9.6,23.8882628185244
MMR,2014.0,12.5,34.4897147952325
MMR,2015.0,13.0,34.4688212621502
MMR,2016.0,10.0,34.8095048832944
MMR,2017.0,9.3,36.8009211203558
MMR,2018.0,8.3,36.9634615021809
MMR,2019.0,8.1,38.4126110918443
NAM,2014.0,18.5,26.630102972046
NAM,2015.0,18.1,27.5636536225028
NAM,2016.0,17.3,27.5134032744188
NAM,2017.0,15.3,26.0770180870695
NAM,2018.0,13.5,26.869904619845
NAM,2019.0,15.1,27.0505811124767
NPL,2014.0,12.9,13.5645652301586
NPL,2015.0,11.4,13.1616546296789
NPL,2016.0,10.4,12.6554177701811
NPL,2017.0,13.3,12.8625858899927
NPL,2018.0,11.4,13.2006396343014
NPL,2019.0,12.0,13.0106754142894
NLD,2014.0,12.0,17.6818782630222
NLD,2015.0,11.7,17.4148103121536
NLD,2016.0,11.6,16.9640712326865
NLD,2017.0,10.8,17.1210117451832
NLD,2018.0,10.6,17.3241048530815
NLD,2019.0,14.4,17.1127557495056
NZL,2014.0,13.8,21.4447733176352
NZL,2015.0,14.3,21.2079712328178
NZL,2016.0,13.2,20.173239535132
NZL,2017.0,12.2,20.5291845375564
NZL,2018.0,11.5,20.3819514710778
NZL,2019.0,12.0,20.3679361122366
NIC,2014.0,36.1,25.0984490191451
NIC,2015.0,35.9,25.7346979136282
NIC,2016.0,33.2,25.7948753609806
NIC,2017.0,33.2,24.8173354804008
NIC,2018.0,33.7,24.9956784644064
NIC,2019.0,33.4,24.2809201178084
NER,2014.0,25.5,23.6059602383299
NER,2015.0,25.2,22.5383286848915
NER,2016.0,23.6,21.2451950725883
NER,2017.0,22.1,21.0721536929256
NER,2018.0,19.3,19.6976779523853
NER,2019.0,21.3,20.5861804923542
NGA,2014.0,15.8,24.6436085906069
NGA,2015.0,25.9,20.160782897492
NGA,2016.0,20.1,18.17313172689
NGA,2017.0,16.8,22.3151171946859
NGA,2018.0,13.6,25.7333065832929
NGA,2019.0,11.9,21.0040409408605
MKD,2014.0,18.4,22.822578658191
MKD,2015.0,18.2,23.9221832208017
MKD,2016.0,17.0,23.9630460915105
MKD,2017.0,13.4,24.2589458765972
MKD,2018.0,12.8,24.0504298826712
MKD,2019.0,15.5,23.7034834116039
NOR,2014.0,9.7,34.6738352116026
NOR,2015.0,12.9,31.5986317732861
NOR,2016.0,11.3,28.5306166329967
NOR,2017.0,10.1,30.4933671932528
NOR,2018.0,10.0,32.6446122707692
NOR,2019.0,10.1,29.8244589771798
OMN,2014.0,5.3,62.0562918738146
OMN,2015.0,5.3,53.0988656602003
OMN,2016.0,5.9,47.9402499394191
OMN,2017.0,5.3,49.5943955174432
OMN,2018.0,5.1,53.893815370623
OMN,2019.0,6.0,51.3792329456517
PAK,2014.0,20.8,20.8659912298838
PAK,2015.0,19.3,19.602614668814
PAK,2016.0,19.0,18.1501179723214
PAK,2017.0,18.8,18.0993270885214
PAK,2018.0,18.7,18.5890515927482
PAK,2019.0,21.7,19.5638945814483
PLW,2014.0,41.2,7.61030587152901
PLW,2015.0,26.5,7.93365213381965
PLW,2016.0,25.7,10.0467475510862
PLW,2017.0,26.1,8.06727947248155
PLW,2018.0,31.1,8.97198406718992
PLW,2019.0,32.1,11.2363131549702
PAN,2014.0,24.7,25.7779037541134
PAN,2015.0,24.2,26.578949117256
PAN,2016.0,24.9,27.4158212440648
PAN,2017.0,21.2,28.2545621203247
PAN,2018.0,18.8,28.3264605966594
PAN,2019.0,25.4,28.4159326937794
PNG,2014.0,44.3,32.7848336169925
PNG,2015.0,40.1,34.8049301310481
PNG,2016.0,35.7,34.7299715804552
PNG,2017.0,31.5,36.3598597357265
PNG,2018.0,30.3,36.9240450738372
PNG,2019.0,28.9,36.711080935275
PRY,2014.0,6.7,33.6080758464952
PRY,2015.0,6.5,34.582253753407
PRY,2016.0,6.2,34.4967803217785
PRY,2017.0,7.1,34.3937589134318
PRY,2018.0,6.5,33.556175213621
PRY,2019.0,6.6,33.4893114330734
PER,2014.0,14.2,31.701403934103
PER,2015.0,14.5,30.3378798708175
PER,2016.0,13.2,30.5565505783828
PER,2017.0,12.2,31.2978841231473
PER,2018.0,17.1,31.6240835005495
PER,2019.0,19.5,30.4491957836385
PHL,2014.0,20.0,31.0474444753394
PHL,2015.0,19.4,30.4819509834967
PHL,2016.0,17.6,30.2859171672694
PHL,2017.0,17.7,30.1265505767725
PHL,2018.0,16.4,30.5637401548214
PHL,2019.0,18.1,30.3275078794624
POL,2014.0,14.3,29.9351239778153
POL,2015.0,15.2,30.9939300295541
POL,2016.0,15.1,30.6734871058329
POL,2017.0,14.1,28.8090759581658
POL,2018.0,13.2,28.8614617242515
POL,2019.0,13.7,28.8315242170352
PRT,2014.0,27.7,18.9850440099134
PRT,2015.0,29.6,19.5938498258589
PRT,2016.0,18.3,19.448178094831
PRT,2017.0,17.4,19.2493833127062
PRT,2018.0,25.2,19.3820435381975
PRT,2019.0,22.2,18.886083188208
PRI,2014.0,29.2,49.9339162757282
PRI,2015.0,24.0,50.9382784121963
PRI,2016.0,24.5,51.1515123633391
PRI,2017.0,24.5,50.2294595444349
PRI,2018.0,24.5,50.6557670954584
PRI,2019.0,24.3,50.8444120601485
QAT,2014.0,3.3,69.7579989822263
QAT,2015.0,3.5,57.4408093312248
QAT,2016.0,4.8,53.2053847059143
QAT,2017.0,4.1,56.6880001909956
QAT,2018.0,4.0,60.3815146701831
QAT,2019.0,3.7,57.1645752595048
ROU,2014.0,9.1,32.5700211539755
ROU,2015.0,8.7,30.811807082352
ROU,2016.0,8.5,30.1213847463155
ROU,2017.0,8.0,29.1130933187854
ROU,2018.0,5.9,29.1075109238852
ROU,2019.0,9.2,27.7745670712094
RUS,2014.0,12.0,27.9315270606099
RUS,2015.0,11.2,29.7940599874349
RUS,2016.0,9.8,29.1739050669208
RUS,2017.0,7.8,30.6732968853437
RUS,2018.0,8.2,32.5542980530841
RUS,2019.0,8.4,32.1504958365379
RWA,2014.0,19.5,17.5513834863908
RWA,2015.0,18.8,17.4466631881327
RWA,2016.0,17.9,16.8369912939315
RWA,2017.0,16.4,17.2842232487373
RWA,2018.0,13.9,17.3499797528636
RWA,2019.0,13.7,18.8647459714312
WSM,2014.0,41.2,15.2095204342126
WSM,2015.0,41.3,14.5012807041262
WSM,2016.0,37.1,14.408683481377
WSM,2017.0,36.7,13.1849554636851
WSM,2018.0,39.1,11.7204111149327
WSM,2019.0,38.5,11.9596393238611
SMR,2015.0,16.4,32.0241661542694
SMR,2016.0,13.7,32.4071649556587
SMR,2017.0,13.7,32.4530315404968
SMR,2018.0,13.8,36.2169203250722
SMR,2019.0,15.5,34.7786569469683
STP,2014.0,35.1,12.8163490377908
STP,2015.0,35.7,11.6794591576073
STP,2016.0,31.8,10.3295203947605
STP,2017.0,17.9,9.07470301028009
STP,2018.0,17.0,8.38826200521501
STP,2019.0,18.3,7.52611285056454
SAU,2014.0,6.2,56.1653404810043
SAU,2015.0,6.3,44.6011697093878
SAU,2016.0,9.0,42.5305962013279
SAU,2017.0,8.5,44.8899324686986
SAU,2018.0,7.6,49.0147439495304
SAU,2019.0,7.4,45.7234459871756
SEN,2014.0,23.1,23.1526032786161
SEN,2015.0,22.6,23.5966085082289
SEN,2016.0,21.3,23.3440535101312
SEN,2017.0,17.7,23.2776942790053
SEN,2018.0,17.3,24.0134453886227
SEN,2019.0,18.2,23.5728096206578
SRB,2014.0,16.3,26.5460326998823
SRB,2015.0,15.6,26.6399519622231
SRB,2016.0,6.8,26.5319225334739
SRB,2017.0,6.6,26.6030717363846
SRB,2018.0,7.3,25.809720124861
SRB,2019.0,10.7,25.5321158663518
SYC,2014.0,35.9,15.7700469714181
SYC,2015.0,37.1,14.2030327151444
SYC,2016.0,28.5,13.6909528775658
SYC,2017.0,31.0,11.7738883980069
SYC,2018.0,31.1,11.8099756005606
SYC,2019.0,32.1,12.2185624290623
SLE,2014.0,30.3,20.452711739982
SLE,2015.0,32.3,16.6428629261418
SLE,2016.0,25.9,19.515679548632
SLE,2017.0,24.1,19.5143905015015
SLE,2018.0,20.4,17.510686344572
SLE,2019.0,18.0,17.9304532249609
SGP,2014.0,16.8,24.1685192477514
SGP,2015.0,11.3,24.2880229055028
SGP,2016.0,8.1,23.2029524941107
SGP,2017.0,10.0,23.4966352857041
SGP,2018.0,10.2,25.3804206689349
SGP,2019.0,5.5,24.07072940872
SVK,2014.0,16.1,29.8948137660441
SVK,2015.0,15.5,29.9318952287768
SVK,2016.0,14.3,28.6704533371343
SVK,2017.0,12.9,28.0768009837999
SVK,2018.0,11.6,28.5930165310765
SVK,2019.0,15.6,29.1467840646082
SVN,2014.0,13.3,27.773620382746
SVN,2015.0,13.9,27.6272123283146
SVN,2016.0,14.7,27.5997956172164
SVN,2017.0,13.8,28.0311742193249
SVN,2018.0,14.6,28.0718729650095
SVN,2019.0,26.6,28.5562740977565
SLB,2014.0,98.7,16.8607057072847
SLB,2015.0,99.9,15.5522182353588
SLB,2016.0,96.0,15.5564744358205
SLB,2017.0,67.9,17.6021668174714
SLB,2018.0,67.4,17.6013647441937
SLB,2019.0,71.6,18.1213540227607
ZAF,2014.0,9.9,24.3052820058227
ZAF,2015.0,9.3,23.7323079746326
ZAF,2016.0,15.4,23.7825372977493
ZAF,2017.0,15.1,23.6105564955695
ZAF,2018.0,14.8,23.5370608392744
ZAF,2019.0,16.1,23.6220152843652
SSD,2014.0,22.0,46.6994007328919
ESP,2014.0,23.1,19.8695989889783
ESP,2015.0,25.1,19.9230622051822
ESP,2016.0,15.9,19.7937250159622
ESP,2017.0,19.1,19.9047199031815
ESP,2018.0,24.8,19.7385743840512
ESP,2019.0,26.0,19.9779055762497
LKA,2014.0,24.2,30.5178954294297
LKA,2015.0,20.3,29.5354178735039
LKA,2016.0,20.1,30.4827177292135
LKA,2017.0,20.1,31.1282786464433
LKA,2018.0,16.9,30.0568195254141
LKA,2019.0,17.3,29.1910098710383
KNA,2014.0,40.1,21.3786128291905
KNA,2015.0,30.4,22.7382472431805
KNA,2016.0,29.7,24.5143300679441
KNA,2017.0,30.0,26.2859866005102
KNA,2018.0,29.7,24.5506901344489
KNA,2019.0,30.6,25.3018009434309
LCA,2014.0,37.8,9.9830608960786
LCA,2015.0,36.8,10.8633516574705
LCA,2016.0,28.1,10.9907295637127
LCA,2017.0,31.5,10.8835128503547
LCA,2018.0,30.9,9.85698830819217
LCA,2019.0,32.1,9.04474293097749
VCT,2014.0,40.8,14.1124131006087
VCT,2015.0,30.1,14.9489099213637
VCT,2016.0,29.8,14.3822033821215
VCT,2017.0,29.7,14.6706100723592
VCT,2018.0,31.5,14.5575849461195
VCT,2019.0,34.6,13.69401619005
SDN,2014.0,6.6,18.1004960644315
SDN,2015.0,5.6,16.0712107361815
SDN,2016.0,5.1,17.3546057080676
SDN,2017.0,5.4,16.6174079698297
SDN,2018.0,4.4,20.7757619010592
SDN,2019.0,2.4,21.7363013265282
SUR,2014.0,7.0,30.2474846767665
SUR,2015.0,7.2,27.2599156580204
SUR,2016.0,15.4,26.7553600175618
SUR,2017.0,9.1,38.273693894809
SUR,2018.0,7.3,36.7622415479102
SUR,2019.0,7.2,33.8807670142731
SWE,2014.0,13.7,21.6084554046683
SWE,2015.0,13.3,22.2743619851494
SWE,2016.0,12.0,22.0060731182678
SWE,2017.0,11.0,22.1839062370905
SWE,2018.0,10.2,22.2729867092578
SWE,2019.0,10.4,22.3760709701034
CHE,2014.0,17.4,24.323915072693
CHE,2015.0,16.1,24.2011258209806
CHE,2016.0,15.0,24.0899792080479
CHE,2017.0,12.5,24.2176943229599
CHE,2018.0,12.3,24.4239571771375
CHE,2019.0,13.6,24.7211591296094
SYR,2014.0,18.6,19.4952280332547
SYR,2015.0,8.1,15.4913360290372
SYR,2016.0,11.5,16.2367796314778
SYR,2017.0,7.4,17.2068649072566
SYR,2018.0,6.7,18.4959516128679
SYR,2019.0,7.8,15.9160468546957
TJK,2014.0,6.7,22.6047415105536
TJK,2015.0,7.6,30.220213504702
TJK,2016.0,8.2,32.2133662345342
TJK,2017.0,6.8,31.8468579622965
TJK,2018.0,6.4,34.3983608033865
TJK,2019.0,6.3,33.0621490637064
TZA,2014.0,16.6,25.1415034758525
TZA,2015.0,16.7,24.4873501095853
TZA,2016.0,15.1,24.8583993681558
TZA,2017.0,13.6,25.0421511861537
TZA,2018.0,12.6,27.0077655110967
TZA,2019.0,12.6,28.6718333565052
THA,2014.0,17.1,36.7630403655124
THA,2015.0,16.7,36.1791773262667
THA,2016.0,15.0,35.586765405076
THA,2017.0,12.6,35.018759526322
THA,2018.0,12.6,34.7424896675041
THA,2019.0,13.7,33.5939105133265
TLS,2014.0,21.9,16.979297360775
TLS,2015.0,23.5,18.3707616020673
TLS,2016.0,24.0,19.2291160430386
TLS,2017.0,24.0,15.7805274141176
TLS,2018.0,21.5,16.4990210288231
TLS,2019.0,23.4,30.4131457216274
TGO,2014.0,21.4,23.8476899946971
TGO,2015.0,21.7,22.8664405321196
TGO,2016.0,19.8,20.8834101208291
TGO,2017.0,18.4,20.4016230144725
TGO,2018.0,17.0,21.0297583235942
TGO,2019.0,17.6,19.3444197845633
TON,2014.0,52.2,16.128191902045
TON,2015.0,41.6,15.5472098085233
TON,2016.0,33.2,15.9723714684611
TON,2017.0,39.9,16.4212234408385
TON,2018.0,38.5,15.2201451230749
TON,2019.0,36.2,15.3617863881286
TTO,2014.0,7.2,43.6313576106985
TTO,2015.0,7.2,35.9770489547931
TTO,2016.0,7.2,34.414585903593
TTO,2017.0,7.3,36.1358259277044
TTO,2018.0,6.7,37.7745988816805
TTO,2019.0,6.6,35.1969693154596
TUN,2014.0,10.1,27.1288836396189
TUN,2015.0,10.4,24.8970515198959
TUN,2016.0,9.6,24.0076023041992
TUN,2017.0,9.0,23.624101204276
TUN,2018.0,9.7,23.6862252235906
TUN,2019.0,7.7,23.2353115777678
TUR,2014.0,14.2,28.1981753928692
TUR,2015.0,14.0,27.9632974104138
TUR,2016.0,14.2,28.3385128402288
TUR,2017.0,12.1,29.0347245862534
TUR,2018.0,10.1,29.1851848904908
TUR,2019.0,8.9,27.0679926930773
UGA,2014.0,19.3,25.222682012996
UGA,2015.0,20.9,27.1098848763257
UGA,2016.0,22.7,26.1664603884593
UGA,2017.0,16.5,26.0309948147929
UGA,2018.0,17.1,26.2360116484378
UGA,2019.0,16.9,26.6204366953482
UKR,2014.0,12.5,22.8189915653958
UKR,2015.0,13.6,21.7279577419459
UKR,2016.0,9.1,23.1783620717483
UKR,2017.0,6.9,23.2888002154817
UKR,2018.0,7.1,23.2933329813033
UKR,2019.0,6.4,22.5804196823995
ARE,2014.0,10.6,50.7402069875437
ARE,2015.0,11.7,42.1588028480264
ARE,2016.0,12.2,39.8749229592768
ARE,2017.0,12.3,41.4122717128473
ARE,2018.0,11.0,45.7439845434706
ARE,2019.0,10.9,43.4669683746299
GBR,2014.0,15.0,18.3478341562377
GBR,2015.0,15.6,18.1397353548933
GBR,2016.0,15.5,17.6677948178206
GBR,2017.0,16.1,17.8215277161884
GBR,2018.0,17.2,18.0023660420923
GBR,2019.0,17.7,17.8736338534045
USA,2014.0,15.2,19.3315152083176
USA,2015.0,15.3,18.5871320435183
USA,2016.0,16.4,18.0422212818459
USA,2017.0,16.6,18.4354240836094
USA,2018.0,17.1,18.6308982431189
USA,2019.0,18.1,18.2804280414808
URY,2014.0,21.0,24.7006411459084
URY,2015.0,19.4,25.4417580545225
URY,2016.0,18.9,18.8673144534742
URY,2017.0,17.6,18.0319037217202
URY,2018.0,16.9,18.3333886744675
URY,2019.0,16.7,17.5601694192064
UZB,2014.0,6.4,22.0708925481202
UZB,2015.0,6.2,22.520460823215
UZB,2016.0,6.5,22.9212712989472
UZB,2017.0,6.8,24.7253778434458
UZB,2018.0,5.7,28.6428986359695
UZB,2019.0,5.2,31.9991183695607
VUT,2014.0,49.7,7.50006657257742
VUT,2015.0,41.1,10.7490519094664
VUT,2016.0,33.8,10.4769109101537
VUT,2017.0,35.1,10.1699916743073
VUT,2018.0,43.6,10.0951662680732
VUT,2019.0,38.2,9.502093997208
VNM,2014.0,12.0,35.2985684880333
VNM,2015.0,11.6,34.2665466382117
VNM,2016.0,11.6,34.1152288612372
VNM,2017.0,12.0,35.3903640729728
VNM,2018.0,12.3,36.5424334086447
VNM,2019.0,12.5,36.8031368977554
PSE,2014.0,18.2,17.9717935338142
PSE,2015.0,16.0,16.4252383269875
PSE,2016.0,15.8,17.2627779869396
PSE,2017.0,15.7,19.2317708333333
PSE,2018.0,17.1,19.2841256773528
PSE,2019.0,17.6,18.4328946216476
YEM,2014.0,9.6,39.8882580148089
ZMB,2014.0,4.5,32.9441480248783
ZMB,2015.0,4.8,33.65724911523
ZMB,2016.0,3.8,34.8771666095938
ZMB,2017.0,4.7,37.3040449214626
ZMB,2018.0,4.7,34.4853215849232
ZMB,2019.0,4.6,34.9419812171167
ZWE,2014.0,12.5,23.7189510650842
ZWE,2015.0,10.5,22.3586547006621
ZWE,2016.0,12.5,22.1153495385289
ZWE,2017.0,12.1,32.0157377663457
ZWE,2018.0,11.9,31.0377751295783
ZWE,2019.0,12.4,38.9749459493832
